"Id","Uname","Company","zhicheng","zhiwu","nianyue","Tel","Mobile","Email","Address","IP","QQ","MSN","About","AddTime","Reply","IsShow","you","danwei","sex","shiyan","tongfen","cunchu","peijian","Budget","Xiaoqu"
47,"lth",,,,,,"13800138000",,"上海闸北区",,,,,"2011/9/14, 11:00:08",,1,,,,"别墅","3室2厅2卫","现代简约, 中式古典, 地中海, 东南亚, 日式, 混搭","200","500","待装小区:"
66,"sinpzcrukb","ZQwXidrFxNVwWnFZQx",,,,"52530643762","89109216273","dxbzrn@tncail.com","XLwhkZysIKmYBAJaQsf",,,,"uCh1iw  <a href=""http://fiqaiwqiapnr.com/"">fiqaiwqiapnr</a>, [url=http://jddjgaseortd.com/]jddjgaseortd[/url], [link=http://etefqluuyolt.com/]etefqluuyolt[/link], http://tygxhxshcpwv.com/","2012/4/7, 18:18:47",,0,,,,,,,,,
67,,,,,,,,,,,,,,"2012/4/7, 18:18:49",,0,,,,,,,,,
68,"ugaqibbk","pmDEkkUitBlWUmkhFEl",,,,"17563588224","49010882657","yyleya@miuwbz.com","WuwOviXQWTusPrkgOn",,,,"i8HPj5  <a href=""http://goifauavhbpp.com/"">goifauavhbpp</a>, [url=http://acjyhnzgqimk.com/]acjyhnzgqimk[/url], [link=http://hibrzcruihws.com/]hibrzcruihws[/link], http://ujpnlwqnxpjn.com/","2012/4/13, 10:56:36",,0,,,,,,,,,
69,,,,,,,,,,,,,,"2012/4/13, 10:56:37",,0,,,,,,,,,
70,"yjtcgnlbej","qCqdITvLYgPMXfWijS",,,,"70200928739","20414497358","vzujsa@pcxsyn.com","QYJboybuXgvyKXhGx",,,,"3AVQEX  <a href=""http://rghivirnynwa.com/"">rghivirnynwa</a>, [url=http://vcfddklwbpin.com/]vcfddklwbpin[/url], [link=http://aeqnhwfvrawn.com/]aeqnhwfvrawn[/link], http://adovdblpxesb.com/","2012/4/17, 23:19:35",,0,,,,,,,,,
71,,,,,,,,,,,,,,"2012/4/17, 23:19:35",,0,,,,,,,,,
72,"arpnmgyg","jEgFyYiOpNtqoHhNjq",,,,"MJBTzySLsYEJBpo","dINmsMJEshmekyn","mjuegg@mwefwc.com","ldbHKpqV",,,,"wKne4v  <a href=""http://cmjixhasppcz.com/"">cmjixhasppcz</a>, [url=http://nstqbbdsubon.com/]nstqbbdsubon[/url], [link=http://okoihrbazhsn.com/]okoihrbazhsn[/link], http://wojowpefrhrm.com/","2012/6/10, 22:58:22",,0,,,,,,,,,
73,,,,,,,,,,,,,,"2012/6/10, 22:58:29",,0,,,,,,,,,
74,,,,,,,,,,,,,,"2012/6/21, 18:23:54",,0,,,,,,,,,
75,"李先生",,,,,"13501677583",,,,,,,"我这边有一批欧洲款眼镜需要找一男一女外模拍摄，大概200副左右，想一天拍完，你这边需要提供服装造型，化妆，发型，拍摄，后期。如果效果很好，会长期合作。
请报个价给我，谢谢~","2012/6/26, 09:36:36",,0,,,,,,,,,
76,"Twuegn","uWxoKrSBzbmXSXUMtMc",,,,"cEpDKgYXJBjOE","SNNuJSbUUZnUIJis","swlkagjs@gmail.com","ubhQcthJLlKZwlWILLg",,,,"glG16r [url=http://healthserviceu.net/]http://healthserviceu.net/[/url] <a href=http://healthserviceu.net/>http://healthserviceu.net/</a> http://healthserviceu.net/","2012/7/2, 23:20:50",,0,,,,,,,,,
77,,,,,,,,,,,,,,"2012/7/2, 23:20:51",,0,,,,,,,,,
78,"Ali","iLFqPIeDia",,,,"BRpXnfYwhDN","TnYERqDRlCSbqEE","aboutin@dhh.la.gov","NjYfvBofAzFk",,,,"Geez, that's unbeliveable. Kudos and such.","2012/7/9, 11:05:55",,0,,,,,,,,,
79,,,,,,,,,,,,,,"2012/7/9, 11:05:56",,0,,,,,,,,,
81,"pdrzuuhfhb","DdGWwkftBvtDtMPBb",,,,"KTQrekefXt","vItyBcpjWe","pojvii@cmbdkj.com","ZhQnzulITSwQEMbyqf",,,,"8ytTTR  <a href=""http://tetctpxexbvd.com/"">tetctpxexbvd</a>, [url=http://pudxbluyzgpr.com/]pudxbluyzgpr[/url], [link=http://aglejqkxvrmm.com/]aglejqkxvrmm[/link], http://dhsrsxxbdxjn.com/","2012/8/12, 23:23:48",,0,,,,,,,,,
82,,,,,,,,,,,,,,"2012/8/12, 23:23:51",,0,,,,,,,,,
83,"zpxsfpkoa","ypPQJZKcVDGTJ",,,,"88100328639","12599904648","vtwnnr@cgjvsv.com","yvdWIxvNcbbZ",,,,"QxrUGo  <a href=""http://xvmtvzlcgzab.com/"">xvmtvzlcgzab</a>, [url=http://uidyvjoqjfxm.com/]uidyvjoqjfxm[/url], [link=http://qcxinybmpbqs.com/]qcxinybmpbqs[/link], http://njwcniujpepg.com/","2012/10/16, 04:48:45",,0,,,,,,,,,
84,,,,,,,,,,,,,,"2012/10/16, 04:48:46",,0,,,,,,,,,
86,"efpwbyvjly","IScZblnrHmooQWHu",,,,"XMQytXQNTfROMW","DzmIYfLtL","lgywqd@uktind.com","IWNgxYJICD",,,,"84f41a  <a href=""http://wkirrwbpyuyg.com/"">wkirrwbpyuyg</a>, [url=http://janmdelomhqp.com/]janmdelomhqp[/url], [link=http://xggavvubtnkp.com/]xggavvubtnkp[/link], http://qzqvahhpgppc.com/","2012/12/16, 12:20:57",,0,,,,,,,,,
106,"Morgan","xlJrwBABGRJQqWJbj",,,,"38406784522","94191264534","eblanned@yahoo.com","urvTXAobwyPWplOqr",,,,"Can you hear me OK? <a href="" http://www.jefftolbert.com "">acyclovir 400 mg directions</a>  Prescriptions originating from hospitals for specialist prescription items (i.e. Retail
 ","2013/3/14, 05:28:47",,0,,,,,,,,,
107,"Kaylee","qJPDYJyIva",,,,"35816530223","97992258641","fifa55@yahoo.com","pIpItaFvvNrUvA",,,,"I'm at Liverpool University <a href="" http://www.meosales.com "">celexa cost with insurance</a>  Residents from Indiana Universityâs training programs may take eight-week electives in
 ","2013/3/14, 05:28:53",,0,,,,,,,,,
108,"Christopher","mTQadCZCuG",,,,"90503279703","17225114540","flyman@gmail.com","uaftfHpHeVfSDXDmpKz",,,,"I saw your advert in the paper <a href="" http://serdika.com.ar/ "">cymbalta 120 mg</a>  066 Disqualified Ordering Provider 25 M/I Prescriber ID
 ","2013/3/14, 05:28:54",,0,,,,,,,,,
109,"Avery","ajuFBZZdnT",,,,"96541729196","58319463552","steep777@yahoo.com","VdNKYppLoCO",,,,"Who would I report to? <a href="" http://serdika.com.ar/ "">cost cymbalta 60 mg without insurance</a>  "" Interpreting and using the information returned in the Medical Remittance Advice.
 ","2013/3/14, 05:28:58",,0,,,,,,,,,
110,"Mary","oikZVHOLTcQeZUaEA",,,,"66471158743","86900271315","freelove@msn.com","NWwxNXspHB",,,,"I can't get a signal <a href="" http://www.solutionbc.com "">fluoxetine hcl maoi</a>  Lactation Precautions are returned for females between the ages of 13 and 52 on new
 ","2013/3/17, 00:34:01",,0,,,,,,,,,
111,"Mike","qQkloCyDmik",,,,"55670058317","13550288829","deadman@gmail.com","sNiQbeMLSm",,,,"Not available at the moment <a href="" http://laurielambrecht.com "">effexor xr 75 mg weight gain</a>  possible. International experiences can expand the horizons of student learning
 ","2013/3/17, 00:34:03",,0,,,,,,,,,
112,"Dylan","EmUPkHrIaHCWjdLtJ",,,,"22899200906","65714135683","fifa55@yahoo.com","yiorXeOzPp",,,,"Withdraw cash <a href="" ï»¿http://leonedesignstudio.com "">super kamagra online kaufen</a>  processed but will not be captured for adjudication. If all other editing is passed, NO
 ","2013/3/17, 00:34:05",,0,,,,,,,,,
113,"Ian","luMwefCehlgyUOixHh",,,,"90398283164","23376567198","kidrock@msn.com","xXMfyHXfDdGAFoE",,,,"I'm not working at the moment <a href="" http://www.d-target.com "">minoxidil 5 foam for women</a>  Performs basic Performs proper Accurately prepares
 ","2013/3/17, 00:34:10",,0,,,,,,,,,
114,"Brody","PljmMBOwSAqyqm",,,,"79822228373","29334712815","crazyfrog@hotmail.com","RqtXuHiUUtrIw",,,,"Could I have an application form? <a href="" http://www.solutionbc.com "">fluoxetine hcl ca 20mg</a>  controlled controlled but needs prompting controlled substances controlled
 ","2013/3/17, 00:34:15",,0,,,,,,,,,
115,"Alyssa","AKdhrzHUhxEbFIMB",,,,"69140372370","71912512126","friend35@hotmail.com","IbLPUqJQCherIdMNJod",,,,"I've just graduated <a href="" http://www.yagottamoo.com "">many mg nolvadex</a>  access Health and Disability Services, in particular pharmaceuticals and general practice
 ","2013/3/17, 00:34:20",,0,,,,,,,,,
116,"Hannah","MwTKwGUnUvzKJMuuq",,,,"38033902891","90025338486","kidrock@msn.com","ZFyLzbWHoNpSdLqr",,,,"Lost credit card <a href="" http://www.yagottamoo.com "">nolvadex sale no prescription</a>  Nova Scotia Compounding time is a flat rate of 1.5 times the usual and customary dispensing fee submitted
 ","2013/3/17, 00:34:22",,0,,,,,,,,,
117,"Diva","BEUUodUqCz",,,,"39526205653","92944677788","steep777@yahoo.com","aFbpzbatSMraO",,,,"Could you ask her to call me? <a href="" http://www.docuvitae.com "">duloxetine generic availability</a>  required along with your valid Passport. You do not need to
 ","2013/3/17, 00:34:34",,0,,,,,,,,,
87,,,,,,,,,,,,,,"2012/12/16, 12:20:58",,0,,,,,,,,,
89,"Rodolphe",,,,,"15397179182",,"dolphtouc@gmail.com",,,,,"Hello, 

Gabriella Chen, who is a friend, Give me your contact. 
How could I contact you by email ? 

Best regards","2012/12/17, 16:10:01",,0,,,,,,,,,
90,"王小姐",,,,,"50588111转1057分机",,,,,,,"上海古猿人集团，咨询产品拍摄。","2012/12/21, 09:25:39",,0,,,,,,,,,
91,"tixhgbmx","mohvEHZUyfR",,,,"59015344837","73853025584","imbclj@gjsctw.com","cqAGyBapcuJh",,,,"L1StV0  <a href=""http://eptkvdoerbif.com/"">eptkvdoerbif</a>, [url=http://ptfosxqbrvot.com/]ptfosxqbrvot[/url], [link=http://bswidkhvscog.com/]bswidkhvscog[/link], http://xwzufytjteaz.com/","2012/12/21, 22:43:41",,0,,,,,,,,,
92,,,,,,,,,,,,,,"2012/12/21, 22:43:42",,0,,,,,,,,,
93,"bazwcmv","arbwsMKeMC",,,,"78863670024","15436527840","cvueor@lwlvzx.com","ybEONRtnxTOwNCoSM",,,,"kMPvcp  <a href=""http://ukavjntdnbou.com/"">ukavjntdnbou</a>, [url=http://rfnxffzlaxey.com/]rfnxffzlaxey[/url], [link=http://naqhfyftbalr.com/]naqhfyftbalr[/link], http://ynxznwyawypk.com/","2013/2/27, 01:54:17",,0,,,,,,,,,
94,,,,,,,,,,,,,,"2013/2/27, 01:54:20",,0,,,,,,,,,
95,"green",,,,,"13661805725",,"green@rongxiangsh.com",,,,,"您好，我们是做女性手袋的（欧美风格），淘宝商城。模特棚拍请报价格给我，谢谢！ ","2013/3/5, 14:13:26",,0,,,,,,,,,
96,,,,,,,,,,,,,,"2013/3/11, 01:32:46",,0,,,,,,,,,
97,"patrik","txBqAqlcntkjwdz",,,,"95115395314","50123438518","normy273@hotmail.com","ZKUIbwonfY",,,,"nW9BYo http://www.07lkZYohZwB9hW1ijQSORiFiwwxRx9iF.com","2013/3/12, 00:55:30",,0,,,,,,,,,
98,,,,,,,,,,,,,,"2013/3/12, 00:55:39",,0,,,,,,,,,
99,,,,,,,,,,,,,,"2013/3/14, 04:01:15",,0,,,,,,,,,
100,"Mackenzie","wFfZQDgfZXHMAVb",,,,"28924076795","21020461723","eblanned@yahoo.com","TRHyWwBOoqn",,,,"An envelope <a href="" http://serdika.com.ar/ "">buy cymbalta online cheap</a>  Students who fail an APPE rotation will be required to repeat and pass that
 ","2013/3/14, 05:28:25",,0,,,,,,,,,
101,"Andrea","QDfCMbgDxjqnlxOy",,,,"50215052961","66898537093","freeman@hotmail.com","mhDncGQzDJALpVUEP",,,,"A financial advisor <a href="" http://www.skiingitaly.net "">clomipramine monoamine axonal degeneration</a>  project presentations, interactions with Preceptors, patients, physicians and other
 ","2013/3/14, 05:28:29",,0,,,,,,,,,
102,"Daniel","AKupWRDNUoImyzgwm",,,,"21147669359","16453715349","lifestile@msn.com","shBQhmPvREarn",,,,"We used to work together <a href="" http://www.meosales.com "">cheap celexa online</a>  This is a unique identifier assigned to each financial transaction.
 ","2013/3/14, 05:28:42",,0,,,,,,,,,
103,"Bailey","QOrZZGWnTXQnOELKoEh",,,,"14061044816","35659260918","unlove@gmail.com","VnjtsTdlKmVkRoiDV",,,,"Looking for a job <a href="" http://www.jefftolbert.com "">buy oral acyclovir uk</a>  the program the claim is still subject to any days supply limitations (e.g., 34 days) set by the employer.
 ","2013/3/14, 05:28:44",,0,,,,,,,,,
104,"Ryan","aKhfqiQiQYXsqNZFK",,,,"12685439245","37073088259","dirtbill@yahoo.com","gJTpqnUqgFQfP",,,,"What sort of music do you like? <a href="" http://www.puschnig.com "">buy diflucan online australia</a>  captured for adjudication by the eMedNY contractor. If you
 ","2013/3/14, 05:28:45",,0,,,,,,,,,
105,"Charlotte","wyAvVKLkpljL",,,,"25894004393","15997765538","coolman@msn.com","oRBccOpicOeSudrBJQp",,,,"I'm retired <a href="" http://www.embatech.com "">clomipramine 40 mg</a>  27 :Two interpreted as seven
 ","2013/3/14, 05:28:46",,0,,,,,,,,,
118,"Elijah","rcAvetEgOcKNB",,,,"43100963177","79901631930","lightsoul@gmail.com","ynhdhlWYxifbnugg",,,,"What company are you calling from? <a href="" http://laurielambrecht.com "">effexor blackouts</a>  A.) You have not submitted the PIN
 ","2013/3/17, 00:34:39",,0,,,,,,,,,
119,"Aubrey","ilbYbXsTWQXAgh",,,,"35067003208","76679406201","nogood87@yahoo.com","ewImnexFfAfmoRpEfN",,,,"A Second Class stamp <a href="" http://joehenson.com "">buy orlistat without prescription</a>  Applicability and impact on
 ","2013/3/17, 00:34:45",,0,,,,,,,,,
120,,,,,,,,,,,,,,"2013/3/19, 20:34:29",,0,,,,,,,,,
121,"Paige","RKXbsMsgkXAQHqa",,,,"88074130378","72572126394","dogkill@yahoo.com","YRRzbbcxsFzoZy",,,,"I want to make a withdrawal <a href="" http://clamagephoto.com "">topamax cheap</a>  ketchup, mix well. Now put in the sauteed chicken and fry it together with the mixture till well mixed. Cover
 ","2013/3/20, 00:42:35",,0,,,,,,,,,
122,"Joshua","FnQZsQsECDjcnJYSz",,,,"74411758782","64881184338","rikky@aol.com","JvQvEMJQOjB",,,,"The line's engaged <a href="" http://www.metrocollective.org "">renova price</a>  monitoring plan to patients
 ","2013/3/20, 00:42:40",,0,,,,,,,,,
123,"John","ashCeNpMeWMVbtsmXQ",,,,"40450272270","59496625566","coolman@msn.com","wpczHtsgJw",,,,"I'm about to run out of credit <a href="" http://www.arsvivendi.com/verlag "">paxil withdrawal</a>  contraindications, and therapeutic outcomes to patients and health
 ","2013/3/20, 00:42:44",,0,,,,,,,,,
124,"Eva","kBZOZQXwyail",,,,"27545675346","14645881148","coco888@msn.com","bMETfTMzWptK",,,,"Could you tell me my balance, please? <a href="" http://www.pinellasanimalfoundation.org "">buy prozac no prescription uk</a>  highlighters, or markers. Only blue or black ink is acceptable.
 ","2013/3/20, 00:42:46",,0,,,,,,,,,
125,"Jonathan","NibNUyTgoNuZxeuqC",,,,"17600195250","27470611884","cooler111@yahoo.com","OtHyHBwUbqTD",,,,"I'm in a band <a href="" http://www.metrocollective.org "">price of renova</a>  production file, you must have:
 ","2013/3/20, 00:42:47",,0,,,,,,,,,
126,"Jackson","HuqUKIjQIpaMuxPjAIQ",,,,"45090231423","83705256318","infest@msn.com","DRRpEXtzaVDSs",,,,"One moment, please <a href="" http://jonathanblaustein.com "">comprar orlistat generico colombia</a>  2. It will give notice to the Practice Site of the number and names of students that will enter the
 ","2013/3/20, 00:42:49",,0,,,,,,,,,
127,"William","DxQsumdnRNjOM",,,,"18680722058","87669850689","dogkill@yahoo.com","OHFfHBbpUPmCRR",,,,"I don't like pubs <a href="" http://www.refractories-worldforum.com "">buy trazodone hcl</a>  All information should be typed or printed.
 ","2013/3/20, 00:42:51",,0,,,,,,,,,
128,"Julia","ntCnQtTyKRgAYpwEru",,,,"13339384481","10808003348","freelove@msn.com","KvkTzhilkwfAp",,,,"I'll text you later <a href="" http://jonathanblaustein.com "">buy orlistat 120</a>  PROVIDERS WHO ENROLL IN EFT WILL HAVE THEIR MEDICAID PAYMENTS DIRECTLY DEPOSITED
 ","2013/3/20, 00:42:52",,0,,,,,,,,,
129,"Thomas","IdVuMvWwwLTu",,,,"81886536362","98522435604","flyman@gmail.com","TZCbWGGajQFTIgKwbC",,,,"History <a href="" http://www.sandcreek.com "">cheap propecia for sale</a>  transaction. The response for each claim will either be accepted or rejected. If the claim is
 ","2013/3/20, 00:42:57",,0,,,,,,,,,
130,"Alexis","gZwmOmWeXJmeHumBC",,,,"93995940086","65119950672","dirtbill@yahoo.com","PQxBbGFHvzOQdcNOCL",,,,"How many would you like? <a href="" http://www.sandcreek.com "">propecia merck</a>  opportunity to improve, reinforce and remediate these skill sets through continuous
 ","2013/3/20, 00:42:59",,0,,,,,,,,,
131,"Brandon","GGlzhnLpxAw",,,,"46428090553","85719672710","deadman@gmail.com","eZltQpYblRcdyKbFoz",,,,"There's a three month trial period <a href="" ï»¿http://www.filmscoring.info "">over the counter accutane</a>  2/4/02 1 tr ( t
 ","2013/3/22, 14:58:55",,0,,,,,,,,,
132,"Kayla","FyBHRGvadYwNV",,,,"74357546933","38697686397","pitfighter@hotmail.com","zzNFXcxCoPxf",,,,"Have you got a telephone directory? <a href="" http://www.cloudpeakenergy.com/about-us "">25 mg seroquel weight gain</a>  non-payment of the claim, your best course of action is to collect cash from the cardholder. When the problem is resolved, the
 ","2013/3/22, 14:58:56",,0,,,,,,,,,
133,"David","sZWunnWPjJqbvYBAI",,,,"57378463118","67236194832","pitfighter@hotmail.com","YrXUOEmrDBee",,,,"Cool site goodluck :) <a href="" http://www.productorrent.com "">there generic tricor 145 mg</a>  1. I acknowledge that participating in The Kenya Program involves certain risks
 ","2013/3/22, 14:59:00",,0,,,,,,,,,
134,"Julian","pUzSUvyHirCXhOotcq",,,,"82685862195","63359175557","greenwood@webtown.com","fmRizNebQnLJZDSac",,,,"Please wait <a href="" http://www.cinetheatro.com "">Viagra Online 100mg</a>  This section has two subsections:
 ","2013/3/22, 14:59:04",,0,,,,,,,,,
135,"Adrian","paEzIjGOwCEs",,,,"50192712096","62410486316","kidrock@msn.com","ttRoJyAYMcWa",,,,"I'm sorry, I didn't catch your name <a href="" http://www.productorrent.com "">tricor discount card</a>  evaluated as they go through a series of stations on a timed basis where they
 ","2013/3/22, 14:59:06",,0,,,,,,,,,
136,"Christian","uEVPVylIGPJdMX",,,,"41367155644","81843277403","rikky@aol.com","UuPOZLcWqWcd",,,,"I've only just arrived <a href="" http://www.fedeltapos.com "">buy retin a online no prescription</a>  will request copies of audit documents from both the audit company and the pharmacy.
 ","2013/3/22, 14:59:10",,0,,,,,,,,,
137,"Diego","gUqywPvvqFg",,,,"53296143138","48895264223","crazyfrog@hotmail.com","MJYnkeTHtOqFjjFJAwM",,,,"It's OK <a href="" http://www.forumvera.info "">tadacip 20 mg cheap</a>  Characterization of oxidative stress in various tissues of diabetic and galactose-
 ","2013/3/22, 14:59:11",,0,,,,,,,,,
138,"Vanessa","jnpCVsbMLh",,,,"93978741015","38251982818","greenwood@webtown.com","hMfsQUCnchbxmUR",,,,"Do you like it here? <a href="" ï»¿http://www.filmscoring.info "">accutane united states</a>  The student prepares a written a case report or project for the month.
 ","2013/3/22, 14:59:12",,0,,,,,,,,,
139,"Alex","usgdnIUtCywzFwJNzU",,,,"55611761125","98500892216","rikky@aol.com","AtbMYzUPPBpdW",,,,"I do some voluntary work <a href="" ï»¿http://www.filmscoring.info "">accutane buy</a>  Codes, which can be found at www.emedny.org by clicking on the link: List of OTC Categories and Supply Codes.
 ","2013/3/22, 14:59:13",,0,,,,,,,,,
140,"Bailey","BdjpunypzrddJqPle",,,,"91638065179","66468929496","freeman@hotmail.com","VSrcdfxqKpy",,,,"What sort of music do you listen to? <a href="" http://www.fedeltapos.com "">retin a micro generic</a>  The last two digits identifies the issue number
 ","2013/3/22, 14:59:17",,0,,,,,,,,,
141,"Anthony","YGUlYaTQaW",,,,"11506892002","44067975896","crazyfrog@hotmail.com","DHDWNlcpypMLRy",,,,"Directory enquiries <a href="" http://www.filmscoring.info "">where can i buy accutane yahoo</a>  The following information is a compilation of comments received from ACPE stakeholders
 ","2013/3/25, 01:46:55",,0,,,,,,,,,
142,"Ian","nuQwoqEDejoeDdOEwS",,,,"76503542487","92466053479","coolman@msn.com","ZDbNwBteXb",,,,"Wonderfull great site <a href="" http://akronfilm.com "">buy seroquel canada</a>  NET TOTAL PAID 64.88NUMBER OF CLAIMS4
 ","2013/3/25, 01:46:59",,0,,,,,,,,,
143,"Lioncool","AXvXqJrfpaABqtQnm",,,,"70654834032","85565000289","goodboy@yahoo.com","SEODZcRsTpdfI",,,,"Will I get paid for overtime? <a href="" http://blog.ifuller1.info "">rxlist abilify drug</a>  2. Complete a medication history/medication reconciliation AC, AH,
 ","2013/3/25, 01:47:00",,0,,,,,,,,,
144,"Valeria","dHQvPCOHfPzeSk",,,,"19160701635","11981373150","john@hotmail.com","rMarmixTfFOHC",,,,"What do you want to do when you've finished? <a href="" http://www.info-kod.ba "">purchase clomid</a>  U.S. and Canada, a regular toll line at 1-202-501-4444.
 ","2013/3/25, 01:47:01",,0,,,,,,,,,
146,"Ariana","qWQWxyvNLhzdL",,,,"20713315166","94625826637","goodboy@yahoo.com","XBVaalnmEes",,,,"Where's the nearest cash machine? <a href="" http://www.gi-space.hk "">bula naprosyn 500 mg</a>  Fields 23, 23A, 23B, and 23C are only applicable if the member is also a Medicare beneficiary.
 ","2013/3/27, 16:37:54",,0,,,,,,,,,
147,"Alyssa","ScBNsDatNH",,,,"26242552762","93507336022","freeman@hotmail.com","pGRDaWfMLB",,,,"Are you a student? <a href="" http://www.ggiodpc.com  "">propecia prices uk</a>  Negligence will result in the failure of the(accessory)out terminal [DC 12V]4
 ","2013/3/27, 16:37:55",,0,,,,,,,,,
148,"Daniel","ZyOhyPiLEZsxtGwgu",,,,"83201992340","89441848739","lightsoul@gmail.com","qtXVQPvfadJYGu",,,,"Recorded Delivery <a href="" http://www.gi-space.hk "">naproxen 500mg naprosyn</a>  The Office of Experiential Training and Continuing Pharmacy Education -TSU COPHS Page 40
 ","2013/3/27, 16:37:56",,0,,,,,,,,,
149,"Diva","EIIIrDDUTKBzp",,,,"59203606938","76886721382","friend35@hotmail.com","lFYtOGQZwFvPCqGIoad",,,,"I'm about to run out of credit <a href="" http://jonathanblaustein.com "">where to buy orlistat</a>  NPI system changes by May 23, 2008. As a result, NYS Medicaid provider IDs and
 ","2013/3/27, 16:37:57",,0,,,,,,,,,
150,"David","LQQgRCgRHIsZnSIEM",,,,"22546441272","57026624678","behappy@yahoo.com","WPOHTleYNKeazz",,,,"Which year are you in? <a href="" http://www.gi-space.hk "">much does naprosyn cost without insurance</a>  units. For example: A prescription is for Regular Ensure 1-8 oz. can/day, 30 cans with five
 ","2013/3/27, 16:37:59",,0,,,,,,,,,
151,"Leah","GdihhWlDsk",,,,"56664182165","79102063393","pitfighter@hotmail.com","UxfymZNdZDDkt",,,,"We'd like to invite you for an interview <a href="" http://www.palmerdavisphotography.com "">can rogaine purchased</a>  For network related issues / inquiries Fax: 04 4477947
 ","2013/3/27, 16:38:00",,0,,,,,,,,,
152,"Faith","CjQelxhidjWzj",,,,"15967069016","10807505188","goodsam@gmail.com","wyaaFUvTblLq",,,,"What's the current interest rate for personal loans? <a href="" http://www.metrocollective.org "">cheap renova</a>  the Moi Teaching and Referral Hospital and its affiliated urban and rural health centers.
 ","2013/3/27, 16:38:01",,0,,,,,,,,,
153,"Magic","DokfaMZwzwUrCCkySz",,,,"78649354794","69289630208","deadman@gmail.com","gToBlnlNxukQtiedki",,,,"Sorry, I'm busy at the moment <a href="" http://www.sandcreek.com "">propecia usa</a>  Develop a strong working relationship between physicians, other health care
 ","2013/3/27, 16:38:17",,0,,,,,,,,,
154,"Mike","gSrROsxVbB",,,,"59557009906","87786643436","crazyivan@yahoo.com","ZOejZYSHOyiwo",,,,"I can't hear you very well <a href="" http://www.ggiodpc.com  "">propecia price</a>  Activities and Assignments Assessments
 ","2013/3/27, 16:38:18",,0,,,,,,,,,
155,"Matthew","SwvlbOuoSVDKXKulNz",,,,"14487458019","70319817697","incomeppc@hotmail.com","HpQHFcZgqY",,,,"Do you know the number for ? <a href="" http://www.metrocollective.org "">renova canada</a>  Service 0442 (DME) must be billed on HCFA 1500 Claim Form or 837 Professional
 ","2013/3/27, 16:38:25",,0,,,,,,,,,
156,"Hannah","KBpnRlynJBqvzbuy",,,,"65730206400","33401665801","incomeppc@hotmail.com","pfgMsGztQKDUUMNgH",,,,"Thanks funny site <a href="" ï»¿http://dsalo.info/presentations/ "">retin a micro online order</a>  5. Will it add to my own knowledge?
 ","2013/3/30, 01:08:34",,0,,,,,,,,,
157,"Rachel","VqXzalqFhOgN",,,,"95826849272","35006850255","infest@msn.com","xAtWzkDaZxy",,,,"Sorry, I'm busy at the moment <a href="" http://tev.net "">minoxidil max</a>  Pharmacies must call PerformRx to request a refill override for a school, work or LOA
 ","2013/3/30, 01:08:36",,0,,,,,,,,,
158,"Paige","wlQcNfrlAqdsOHZS",,,,"61610713692","57338450442","pitfighter@hotmail.com","dTTjamqvPmyb",,,,"Where are you from? <a href="" http://tev.net "">buy minoxidil 15 percent</a>  For ProDUR editing, denials will be returned via the rejected response format and can be
 ","2013/3/30, 01:08:37",,0,,,,,,,,,
159,"Jayden","nLhZlymsLJw",,,,"17292073232","18737092024","quaker@yahoo.com","TaarbSvcsLJ",,,,"History <a href="" http://exygy.com/contact/ "">where to buy renova</a>  Durable Medical Equipment .13
 ","2013/3/30, 01:08:41",,0,,,,,,,,,
160,"Timothy","ikOYSeAuOGmIDT",,,,"20754867378","16761879504","freelove@msn.com","jfaIVffhchpRONcDSsj",,,,"I'd like to apply for this job <a href="" http://exygy.com/contact/ "">renova prices</a>  preventing or minimizing the progress of disease or medical condition.
 ","2013/3/30, 01:08:45",,0,,,,,,,,,
161,"razer22","WbMARztEDdMYHi",,,,"96242889938","98657344317","rikky@aol.com","QQEMkMXJvrEz",,,,"Pleased to meet you <a href="" ï»¿http://dsalo.info/presentations/ "">generic form of retin a cream</a>  Meningococcal (meningitis) vaccine (you do need this because you are
 ","2013/3/30, 01:08:46",,0,,,,,,,,,
162,"Rachel","aeVgvtgQpAFG",,,,"68373527775","45670063847","incomeppc@hotmail.com","zfHEGlkanKkGil",,,,"How do you do? <a href="" ï»¿http://dsalo.info/presentations/ "">retin-a gel (tretinoin)</a>  you can fill for travel needs. We also have one tent, one sleeping bag, two coolers and plenty of
 ","2013/3/30, 01:08:47",,0,,,,,,,,,
163,"Jennifer","yECHzFaZMYSqhtNntMy",,,,"91643539627","29738780185","pitfighter@hotmail.com","ftRDPJRwYh",,,,"Where's the nearest cash machine? <a href="" ï»¿http://dsalo.info/presentations/ "">retin a micro pump acne scars</a>  provide opportunities for students to build upon knowledge and skills acquired through didactic
 ","2013/3/30, 01:08:49",,0,,,,,,,,,
164,"Connor","pqSQTglKZlkivgECEAf",,,,"95151961366","17128255059","behappy@yahoo.com","ZfQmyygCQVoSIglUyJM",,,,"I'd like to take the job <a href="" http://blog.keithcrawford.me "">buspar buy</a>  Additional activities in which students should be able to participate during required community
 ","2013/3/30, 01:08:50",,0,,,,,,,,,
165,"Eva","QxnFGdkgPLWKYTLycE",,,,"15425561954","25086831372","razer22@yahoo.com","EOuvHBGwKuOWgusvlRx",,,,"Sorry, I ran out of credit <a href="" ï»¿http://yarinareth.net/about/ "">price abilify 10mg</a>  6. Teach or observe a patient on the use of an oral inhaler AC, PC
 ","2013/3/30, 01:08:51",,0,,,,,,,,,
166,"truhkicya","mtUCtdCrwkBuEYNTFci",,,,"71687309418","81668519326","okclzy@xznmqh.com","pYqYvoAaJti",,,,"thXwyY  <a href=""http://meukuzgzslyr.com/"">meukuzgzslyr</a>, [url=http://saekaszyzymu.com/]saekaszyzymu[/url], [link=http://pjyhqumibvzr.com/]pjyhqumibvzr[/link], http://znqgbwvjvjjl.com/","2013/4/1, 06:56:35",,0,,,,,,,,,
167,,,,,,,,,,,,,,"2013/4/1, 06:56:38",,0,,,,,,,,,
168,"Mason","OfTHCZJuYwJj",,,,"51841676528","12510455491","heyjew@msn.com","VKpxhmLAvCVtsPBkFSZ",,,,"I've only just arrived <a href="" http://urbania4.org/english/ "">online amitriptyline</a>  Primary Learning Objectives - Community Pharmacy Part 3 of 3
 ","2013/4/3, 09:34:08",,0,,,,,,,,,
169,"Zoey","zXxCLZgpZqlcUL",,,,"51335435840","74189602097","rikky@aol.com","WFMEUPOdbBAI",,,,"Could I ask who's calling? <a href="" ï»¿http://level5motorsports.com/schedule "">many mg clomid should you take</a>  TOTAL Patients supported by
 ","2013/4/3, 09:34:09",,0,,,,,,,,,
170,"Isaiah","lhAQShTQmRzsTkvzb",,,,"90694424671","65621092340","lifestile@msn.com","ZANCXskkJBOF",,,,"Not in at the moment <a href="" ï»¿http://level5motorsports.com/schedule "">buy clomid online no prescription usa</a>  Argus claims processing system will reject the claim and return the message, Prior
 ","2013/4/3, 09:34:15",,0,,,,,,,,,
171,"Katelyn","sOuoLYNTtrWT",,,,"76444488770","16024048188","friend35@hotmail.com","WSLTPjvJujnjb",,,,"I've lost my bank card <a href="" http://www.nsmedia.se "">lexapro experiences</a>  880 K3 Creation Time N 4 44-47 R Enter Time file created in
 ","2013/4/3, 09:34:22",,0,,,,,,,,,
172,"Sean","EyVZMaLlQPrrCcQKPfi",,,,"69580831439","73459672435","heyjew@msn.com","GTUUWehYCtFdh",,,,"What's the exchange rate for euros? <a href="" http://www.westhillbio.com/CIBT/ "">buy amitriptyline no prescription</a>  Article title. Journal abbreviation [serial online] Date of publication (Month date, year);doc #.
 ","2013/4/3, 09:34:26",,0,,,,,,,,,
173,"Kaitlyn","CARdmJYRfWuZW",,,,"97525616124","74679758138","thebest@hotmail.com","zjyRQPhFXMzWr",,,,"I work with computers <a href="" http://www.sedrez.com/html/brazil.html "">topramax</a>  and make a paste. Mix it with the boiling liquid to make porridge. Let it boil sufficiently. Add the cream.
 ","2013/4/5, 21:24:55",,0,,,,,,,,,
174,"Jordan","tPJXCtZcpA",,,,"66932747178","71393324549","unlove@gmail.com","rQgcPCkOstHX",,,,"How many weeks' holiday a year are there? <a href="" http://www.overduebooks.net/services.html "">best price proscar</a>  Pharmacy Services will then contact the cardholder, or the pharmacy as indicated on the form, with the result.
 ","2013/4/5, 21:24:57",,0,,,,,,,,,
175,"Kyle","XEhBBjEVEDwyw",,,,"79140417516","91544014146","rikky@aol.com","kBbtxekkiImdmzGTuXR",,,,"Jonny was here <a href="" http://delpiano.com/photojourney/ "">kamagra to buy</a>  prescribers, professional assess ability of practice
 ","2013/4/5, 21:24:58",,0,,,,,,,,,
176,"Gianna","FJbhENZZsO",,,,"35296741594","67928360570","dirtbill@yahoo.com","zQatwtDzunyuH",,,,"Gloomy tales <a href="" http://www.grouna.com/photos.html "">zyban 150mg pre</a>  void is identified by the value 8 or X in the A box of field 4, and the claim to be voided
 ","2013/4/5, 21:25:00",,0,,,,,,,,,
177,"Mariah","JBxbuGVmzZKPsWT",,,,"95818987765","79139710054","lifestile@msn.com","PAuwzjZVgleOlXlAZyy",,,,"We'd like to invite you for an interview <a href="" http://www.info-kod.ba/ba/pitajte/ "">online clomid</a>  representatives may, upon reasonable notice, audit the pharmacys records pertaining
 ","2013/4/5, 21:25:01",,0,,,,,,,,,
178,"Gabriella","BzLSQokCWBNSntgUoYt",,,,"15926747884","44408224328","infest@msn.com","iGEEkCuyvmog",,,,"Could you tell me my balance, please? <a href="" http://www.info-kod.ba/ba/pitajte/ "">clomid for men</a>  religion and culture of others. Rarely patients others. Usually others. Always
 ","2013/4/5, 21:25:02",,0,,,,,,,,,
179,"patrik","ucoeXbkdkeCT",,,,"70933411438","16060088026","dondy228@hotmail.com","sHxDPsOlht",,,,"Wow! I was terribly impressed!!
http://www.ggiodpc.com/www.6shpFpANPwYnffbs9P5rsRN67oJWDZuQ.com.php","2013/4/7, 02:55:03",,0,,,,,,,,,
180,,,,,,,,,,,,,,"2013/4/8, 01:58:10",,0,,,,,,,,,
181,"freelove","mHsykxNICI",,,,"32577144621","13942427175","lifestile@msn.com","almbXGEBZiEpUdCz",,,,"I'm at Liverpool University <a href="" http://www.getwithgood.com/services/email-campaigns/ "">diflucan pill</a>  of enrollment in the University presupposes a commitment to the principles
 ","2013/4/10, 22:40:05",,0,,,,,,,,,
183,"徐战",,,,,"13482420287",,,,,,,"请问招聘助理吗 本人想学习商业摄影    有拍婚纱和写真的经验","2013/4/14, 13:28:15",,0,,,,,,,,,
184,,,,,,,,,,,,,,"2013/4/14, 13:58:15",,0,,,,,,,,,
185,"Layla","FpxuuXtPXUZkqzDno",,,,"27013839652","64058400463","goodsam@gmail.com","eHCrRHrEwe",,,,"I've just graduated <a href="" http://www.fclca.org/about-us.html "">buy prozac online uk</a>  If you wish to check on the status of a members prior authorization, contact the
 ","2013/4/14, 21:34:41",,0,,,,,,,,,
186,"Wyatt","vnuoRwgoXSdrOzd",,,,"43045133980","68271312838","razer22@yahoo.com","scWTRaabKmkpeGIxk",,,,"I have my own business <a href="" http://www.yagottamoo.com "">nolvadex and clomid pct</a>  The consistency should be that of firm mashed potatoes.
 ","2013/4/14, 21:34:42",,0,,,,,,,,,
187,"Sebastian","vxFdrShlmGzTVwOpfBN",,,,"13392312151","60382136675","deadman@gmail.com","LKBrKgEhVgYhUIjXdsy",,,,"A First Class stamp <a href="" http://www.800charitycars.org/faqs.html "">order generic propecia online</a>  323 Processor Control Number Needed for
 ","2013/4/14, 21:34:46",,0,,,,,,,,,
188,"Payton","XbmedDzGxvGfzbx",,,,"76180470379","15146142881","incomeppc@hotmail.com","CrGZYvORFqqopS",,,,"I'm on business <a href="" http://www.sandcreek.com "">where can i buy propecia in the uk</a>  Verbal refill authorizations and verbal prescriptions
 ","2013/4/14, 21:34:53",,0,,,,,,,,,
189,"Trinity","zJIkctSZInTzx",,,,"15468564862","20330150579","crazyivan@yahoo.com","xkUorxmhysZxgsutmD",,,,"Some First Class stamps <a href="" http://www.yagottamoo.com "">nolvadex cheap</a>  approved for payment. (C - capture (field
 ","2013/4/14, 21:34:58",,0,,,,,,,,,
190,"Natalie","AibhXlPZlTylc",,,,"45141372703","18066977252","infest@msn.com","ZRqxqFSgMGGzcFqL",,,,"Could I have a statement, please? <a href="" http://consensusgroup.com/contact-us.html "">cheapest price rogaine women</a>  Death of a family member or family emergency.
 ","2013/4/17, 19:07:43",,0,,,,,,,,,
191,"Sarah","VhWhYoFSNFkXSpObFE",,,,"33900840668","93746785717","dirtbill@yahoo.com","TsMzbPWkPgeutCO",,,,"Could I have a statement, please? <a href="" http://consensusgroup.com/contact-us.html "">rogaine 5 foam in canada</a>  706 Refill Code Exceeds Number of Refills 17 M/I Fill Number
 ","2013/4/17, 19:07:47",,0,,,,,,,,,
192,"Gabriella","ISEVTIizhxUHkEWi",,,,"47674082170","39089359177","unlove@gmail.com","OApLsoILug",,,,"I'm in my first year at university <a href="" http://consensusgroup.com/contact-us.html "">there generic rogaine foam</a>  LCD monitor connection cable1
 ","2013/4/17, 19:07:49",,0,,,,,,,,,
193,"Anna","WXxvOrWOaKPya",,,,"79168480404","36587645506","crazyfrog@hotmail.com","PpZlZSgVJypT",,,,"Where do you come from? <a href="" http://www.meosales.com "">celexa to lexapro</a>  J. Assume safe and accurate compounding, preparation and dispensing of medication
 ","2013/4/17, 19:07:50",,0,,,,,,,,,
194,"Ayden","EfzTLzIDYZWOAVU",,,,"30265740350","75673901382","freeman@hotmail.com","nZwwEqHFegGr",,,,"How do I get an outside line? <a href="" http://sedrez.com "">topamax no prescription</a>  111 PARK AVENUE PROVIDER NOTIFICATION
 ","2013/4/17, 19:07:52",,0,,,,,,,,,
195,"杨敏杰",,,,,"13311975062",,,,,,,,"2013/4/19, 11:28:56",,0,,,,,,,,,
196,"朱浩",,,,,"13671601889",,,,,,,"我们公司需拍摄新品广告片及产品图片。家具纺织类为主，主要产品有床垫、床架，枕头、羽绒被、四件套等。想跟贵方咨询一下拍摄的事情。","2013/4/19, 15:19:46",,0,,,,,,,,,
197,"Sophia","tsHAMLSMcNUR",,,,"43533323899","68305257864","infest@msn.com","xSnHnGPZCSVMwiyuP",,,,"I'm not interested in football <a href="" http://www.livinglifemakingchoices.com "">propecia canada</a>  If a prior approval/authorization number different from the one entered in field 12 applies
 ","2013/4/19, 17:07:17",,0,,,,,,,,,
198,"Luke","sUojqTeqodb",,,,"25862742850","69802497175","gobiz@gmail.com","BFhMsizvDEluzVRs",,,,"Could you ask him to call me? <a href="" ï»¿http://www.5passion.com/contact.htm "">buy diflucan over counter</a>  privacy. Never privacy. Rarely confidentiality and privacy. Usually privacy. Always
 ","2013/4/19, 17:07:27",,0,,,,,,,,,
199,"Xavier","AZljrnLFJnrHlvhvxLK",,,,"14647887452","86028116296","crazyivan@yahoo.com","rwZdFXGUEDjxLdZ",,,,"I have my own business <a href="" http://www.guylaramee.com/ "">prozac tablets</a>  Use value 09 Other when
 ","2013/4/19, 17:07:39",,0,,,,,,,,,
200,"Chloe","YataVUcgTKXqzTKgiM",,,,"25109655370","34914838377","crazyfrog@hotmail.com","PbmIrKcUSwZ",,,,"Do you need a work permit? <a href="" http://redkinetic.com "">elavil for pain</a>  teaching role and to provide educational support to enhance teaching effectiveness. The AHEC
 ","2013/4/19, 17:07:43",,0,,,,,,,,,
201,"Allison","KbTIunxjTPIoMoGCwK",,,,"21698362552","63847284880","bonser@gmail.com","vGyGRABzkDNj",,,,"I love the theatre <a href="" ï»¿http://www.5passion.com/contact.htm "">order diflucan overnight</a>  7. Prepare a medication action plan or medication reconciliation AC, PC,
 ","2013/4/19, 17:07:55",,0,,,,,,,,,
202,"Morgan","aVPdLRSIUOYHvpzgUqY",,,,"35424393271","27162337334","eblanned@yahoo.com","jNufSRUoQObHL",,,,"Lost credit card <a href="" http://www.guylaramee.com/ "">prozac ocd</a>  ranked. Students must rank all 9 AHECs from 1-9.
 ","2013/4/19, 17:07:59",,0,,,,,,,,,
203,"Danielle","RotjtqRUJOKdz",,,,"63484234942","89227255182","gobiz@gmail.com","QjOrtkKXTWOAMn",,,,"Have you seen any good films recently? <a href="" http://redkinetic.com "">elavil</a>  Kenyan faculty members face challenging demands to provide for their nuclear and
 ","2013/4/19, 17:08:00",,0,,,,,,,,,
242,,,,,,,,,,,,,,"2013/7/17, 14:14:56",,0,,,,,,,,,
243,"Brianna","OiUslUlxDkycGoYvOR",,,,"73551062629","72094348898","gobiz@gmail.com","XzSJkAcIRpA",,,,"What sort of music do you listen to? <a href="" http://cronereport.com/about/ "">can you buy minoxidil canada</a>  (inpatient hospital) and is a Qualified Medicare
 ","2013/7/18, 20:06:07",,0,,,,,,,,,
244,"Jacob","fGFOnEPbMzDf",,,,"26722872870","95741933621","john@hotmail.com","pUpQjpxsKdjvNLA",,,,"This is your employment contract <a href="" http://dymedix.com "">can you buy propecia online no prescription</a>  transportation and parking to any assigned site or class activity to guarantee prompt arrival.
 ","2013/7/18, 20:06:08",,0,,,,,,,,,
245,"Benjamin","TAzqMSvAyLh",,,,"93195662713","57273776426","greenwood@webtown.com","FbcMXToizfXVemBstpM",,,,"This is your employment contract <a href="" http://dymedix.com "">buy generic propecia online no prescription</a>  been employed as a pharmacy technician in a hospital inpatient pharmacy
 ","2013/7/18, 20:06:11",,0,,,,,,,,,
246,"Tristan","QBXkgCvlnXfjyLWytyE",,,,"73874566147","27503756090","fifa55@yahoo.com","djZRZDZJhJjMMPnhm",,,,"I live in London <a href="" http://www.redembedded.com/contact.html "">cymbalta discount program</a>  2. FOR BOOK CHAPTERS: list author information then title of chapter followed by the word In: and
 ","2013/7/18, 20:06:12",,0,,,,,,,,,
260,"Julian","tXCYcBOOYZZZKwY",,,,"78796005525","48381616187","john@hotmail.com","pwGmRijxJJqFCUaQBx",,,,"My battery's about to run out <a href="" http://www.danieltrenner.com/store_s "">cost of wellbutrin xl 150</a>  is beyond that typically found in the tertiary literature. The balance between disease 
 ","2013/8/3, 11:48:18",,0,,,,,,,,,
261,"Mary","FBpcjFZwPb",,,,"77269132085","41534312718","behappy@yahoo.com","AFissoHjtTDBcDekbh",,,,"Jonny was here <a href="" http://gangoffour.co.uk "">pfizer viagra online usa</a>  and a 1-month rotation (APPE) of supervised practical experience in a nuclear pharmacy in the
 ","2013/8/3, 11:48:19",,0,,,,,,,,,
262,"friend35","JDmRZwgfTedCDm",,,,"49332287852","70417746548","nogood87@yahoo.com","xddOXSWykyNxZUi",,,,"I study here <a href="" http://www.edlaw.org "">online topamax prescription</a>  interventions patients family about drug medication regimen, what they
 ","2013/8/3, 11:48:20",,0,,,,,,,,,
263,"Andrew","qVcMiPBwNjIhCfkv",,,,"69028215337","17968258092","pitfighter@hotmail.com","LzINAujGLziOuShnLva",,,,"History <a href="" http://www.edlaw.org "">50 mg topamax weight loss</a>  MBChB, 1 H.N.K. Arap Mengech, MBChB, 1,2 B.O. Khwa-Otsyula, MBChB,1 E. Jane
 ","2013/8/3, 11:48:21",,0,,,,,,,,,
264,"Gianna","FbKmZllGBeMSLLkbxg",,,,"20021268651","32602405050","pitfighter@hotmail.com","xkVOBFCNhbvqiH",,,,"Wonderfull great site <a href="" http://www.fitexpress.com/customer-care.html "">Aldactone Mg</a>  and Tuberculosis and Infections Control (TB)
 ","2013/8/7, 23:32:28",,0,,,,,,,,,
265,"Jack","gfIMmluqjASrLhLVYsl",,,,"34676038060","74518678490","cooler111@yahoo.com","QAxCwkyxCZgopgIvwDI",,,,"Which university are you at? <a href="" http://www.fitexpress.com/customer-care.html "">Aldactone Tablets</a>  2. Public presentation should be limited to no more than 20 minutes with 5
 ","2013/8/7, 23:32:29",,0,,,,,,,,,
266,"Riley","NGVrOnuQJFDVs",,,,"62109985892","65878826222","fifa55@yahoo.com","eiCaMyHiETmZSQ",,,,"How much does the job pay? <a href="" http://www.motum.com/about-us/leadership/ "">Cytotec Order</a>  Page 34 of 111
 ","2013/8/7, 23:32:31",,0,,,,,,,,,
267,"Caden","VoDbuPpLWNvFrGEN",,,,"24366589681","16527363456","quaker@yahoo.com","GpTeLrPgMgwv",,,,"Have you got a telephone directory? <a href="" http://www.tangotec.com/products/ "">Purchase Elavil</a>  learning, and respect for yourself and others; be prepared for each session; be flexible and be
 ","2013/8/7, 23:32:32",,0,,,,,,,,,
268,"Colin","LmBEumhcpYYWjLIdDm",,,,"15202476359","84291193573","john@hotmail.com","fuUVSjDvuNbeOHWcVcg",,,,"Insufficient funds <a href="" http://countylinechiro.com/partners/ "">Inderal Price</a>  later than six weeks before departure.
 ","2013/8/7, 23:32:33",,0,,,,,,,,,
269,"乐迷童装旗舰店",,,,,"18221487953","18221487953","454046361@qq.com","上海市长宁区古北路555弄3号302",,,,"我们是乐迷童装，淘宝天猫旗舰店，主要做女中大儿童的衣服，现在我们店里有一批新款服装，需要一位可爱的小女孩拍摄，最好个子在130~145之间 ~外模国内模特都可以 拍摄模特和后期制作 都需要你们公司完成 如果有合适的请电话联系我们，谢谢！","2013/8/16, 00:28:35",,0,,,,,,,,,
270,,,,,,,,,,,,,,"2013/11/27, 10:30:39",,0,,,,,,,,,
271,"张涵",,,,,"13913188953",,"hanghan929@sina.com",,,,,"您好，请问你们招聘摄影助理吗？我有3年的商业摄影经验","2014/4/8, 20:07:28",,0,,,,,,,,,
272,,,,,,,,,,,,,,"2014/6/11, 11:22:04",,0,,,,,,,,,
273,"王荣",,,,,"057388728100","13968676361",,,,,,"准备拍图咨询","2014/6/30, 13:07:11",,0,,,,,,,,,
274,"周先生",,,,,"18257833121",,,"浙江",,,,"有意愿合作 小企鹅邮箱: 274384920@qq.com","2014/8/13, 13:27:36",,0,,,,,,,,,
275,,,,,,,,,,,,,,"2015/5/22, 01:15:20",,0,,,,,,,,,
247,"Jessica","ObMpniZnfIeQuYmh",,,,"89346249863","67812379401","unlove@gmail.com","SwxnnJVMfUfHMM",,,,"What university do you go to? <a href="" http://www.redembedded.com/contact.html "">cymbalta vs lexapro</a>  care professionals. Most pharmacy practice experiences must be under the supervision of
 ","2013/7/18, 20:06:14",,0,,,,,,,,,
248,"Amber","xXsMXrGfdCnMwOnCb",,,,"26153946480","94725635402","goodboy@yahoo.com","DytQlxpTwj",,,,"I came here to work <a href="" ï»¿http://www.rockscottage.net "">generic zithromax 250mg</a>  This is to be completed the final week of the IPPE and submitted within 5
 ","2013/7/23, 12:44:38",,0,,,,,,,,,
249,"Isaiah","MCIJcIsJVZlZCgrxATS",,,,"18715326357","66640044556","lightsoul@gmail.com","DumIJSYXXjObkLyCF",,,,"I quite like cooking <a href="" http://drmenlo.com/contact/ "">topamax price in india</a>  dispense a quantity that exceeds the
 ","2013/7/23, 12:44:39",,0,,,,,,,,,
250,"Kaden","YiZPPbkGcdtNME",,,,"66021366829","40058034905","crazyivan@yahoo.com","MuglefjTXqPdXhKWE",,,,"I'd like to apply for this job <a href="" http://drmenlo.com/contact/ "">500 mg topamax</a>  2. Is it new/timely/clinically relevant?
 ","2013/7/23, 12:44:40",,0,,,,,,,,,
251,"Kayla","bmIFgZxRkrJGmIX",,,,"36828209985","95335775638","kidrock@msn.com","lEvdLTfRmRPpkYRXC",,,,"How many would you like? <a href="" ï»¿http://www.rockscottage.net "">zithromax order canada</a>  be placed in an alternate rotation.
 ","2013/7/23, 12:44:43",,0,,,,,,,,,
252,"Madison","arLMSocLChgwnRLDF",,,,"48804219006","23990528433","rikky@aol.com","GcmWEzumbiloFptD",,,,"Excellent work, Nice Design <a href="" http://drmenlo.com/contact/ "">topamax brand versus generic</a>  employers, school faculty members, supervisors, colleagues, parents, etc.
 ","2013/7/23, 12:44:45",,0,,,,,,,,,
253,,,,,,,,,,,,,,"2013/7/26, 18:04:06",,0,,,,,,,,,
254,"Diva","szgPwZSlTcYgeeZl",,,,"92378217953","26732965513","freelove@msn.com","KtNmQfQtOGw",,,,"Another year <a href="" ï»¿http://svpworld.com "">no prescriptio tamoxifen</a>  III. Management of Medication Use Systems
 ","2013/7/27, 21:50:32",,0,,,,,,,,,
255,"Caden","OFyqJQQwath",,,,"19186144693","45196250699","heyjew@msn.com","PqlgrvackURjtiYDy",,,,"I've only just arrived <a href="" ï»¿http://svpworld.com "">tamoxifeno 20 mg tabletas</a>  remaining cloves if transfer the ginger beer to a jar and refrigenerate.
 ","2013/7/27, 21:50:33",,0,,,,,,,,,
256,"Ryan","afyaRUvdusTAENxQsfx",,,,"93108717351","53462473713","eblanned@yahoo.com","fxPIJFzdZnDXNsygzlJ",,,,"Have you seen any good films recently? <a href="" ï»¿http://www.franksbar.co.uk/read-all-about-it/ "">generic seroquel price</a>  No H4 $0 $0
 ","2013/7/27, 21:50:34",,0,,,,,,,,,
257,"Jaden","XWXpGdpfpVzODZgHY",,,,"90098204118","75903576919","greenwood@webtown.com","LczyMfwfbUndEgJNb",,,,"Hello good day <a href="" http://www.chinatour.com/Forms/ "">accutane discount</a>  who wish to be placed in either the Eastern or Area L AHEC regions per the memorandum of
 ","2013/7/27, 21:50:36",,0,,,,,,,,,
258,"Kimberly","SBVSuJRUxeUYrAx",,,,"15259018316","98191221854","freelife@yahoo.com","oIqbTZoLZcwaahDRJe",,,,"Where do you study? <a href="" ï»¿http://www.franksbar.co.uk/read-all-about-it/ "">seroquel cost usa</a>  attributes leading to more involvement in our profession and respective communities.
 ","2013/7/27, 21:50:37",,0,,,,,,,,,
259,"Isaiah","PufULLDbkyeBxT",,,,"22994409214","17625468016","kidrock@msn.com","VsZJPcApPyNp",,,,"Other amount <a href="" http://www.danieltrenner.com/store_s "">price of wellbutrin xl 300 mg</a>  if approved, the reversal will cancel any service authorization units used and cancel any
 ","2013/8/3, 11:48:17",,0,,,,,,,,,
276,,,,,,,,,,,,,,"2015/8/12, 03:56:53",,0,,,,,,,,,
277,"李昕",,,,,"13867472603",,,,,,,"想咨询一下具体合作内容和价格","2016/7/14, 13:48:00",,0,,,,,,,,,
278,"JimmiXzSw","gDiJvUUmsyNrXuMkD",,,,"23952319134","54398545405","jimos4581rt@hotmail.com","nwHHtMNeMw",,,,"eHhaNL http://www.FyLitCl7Pf7ojQdDUOLQOuaxTXbj5iNG.com","2017/2/19, 06:56:08",,0,,,,,,,,,
279,,,,,,,,,,,,,,"2017/2/19, 06:56:08",,0,,,,,,,,,
280,"JimmiXzSw","BXFWgojPNHUKQrCpazU",,,,"15232115794","80453403162","jimos4581rt@hotmail.com","BEbxZZlDRU",,,,"e2HobG http://www.FyLitCl7Pf7ojQdDUOLQOuaxTXbj5iNG.com","2017/2/19, 20:08:05",,0,,,,,,,,,
281,,,,,,,,,,,,,,"2017/2/19, 20:08:06",,0,,,,,,,,,
282,"黄浩",,,,,,"13166421531","13166421531@163.com","徐汇区龙吴路398弄",,,,"请问贵公司目前还招聘摄影助理吗","2017/2/22, 15:01:04",,0,,,,,,,,,
283,"GoldenTabs","SyXgCyYHcykwlsJP",,,,"17206840191","96004083436","support@goldentabs.com","qurofJquTpQuj",,,,"oAVxyJ https://goldentabs.com/","2018/1/7, 00:21:53",,0,,,,,,,,,
284,,,,,,,,,,,,,,"2018/1/7, 00:21:54",,0,,,,,,,,,
285,"GoldenTabs","fmvhifqWIiU",,,,"36087197220","73189312088","support@goldentabs.com","xJVRqOgdoWnqhkEEKyc",,,,"tofnwR https://goldentabs.com/","2018/1/7, 03:46:57",,0,,,,,,,,,
286,,,,,,,,,,,,,,"2018/1/7, 03:46:58",,0,,,,,,,,,
287,"GoldenTabs","idNQxdHVnsr",,,,"18263083907","54750032077","support@goldentabs.com","VJMYTgttxCHxgVoYlFP",,,,"nKtIR1 https://goldentabs.com/","2018/1/7, 07:10:57",,0,,,,,,,,,
288,,,,,,,,,,,,,,"2018/1/7, 07:10:58",,0,,,,,,,,,
289,"mark56","mxxYKYzgiPi",,,,"50588157814","14472795806","3c3fsfv@hotmail.com","WfdfjSzLGEm",,,,"VufKgm http://www.LnAJ7K8QSpfMO2wQ8gO.com","2018/1/10, 01:21:07",,0,,,,,,,,,
290,,,,,,,,,,,,,,"2018/1/10, 01:21:08",,0,,,,,,,,,
291,"邵敏",,,,,"18952004830","18952004830",,,,,,"需要摄影棚（白棚无影墙）","2019/5/30, 16:20:22",,0,,,,,,,,,
